Entry(1s),Source 1,Source 2,Source 3,Source 4
1,1558,388,1924,3078
2,1600,391,1893,3034
3,1562,365,1566,2936
4,1554,334,1701,2894
5,1500,298,1636,2794
6,1531,309,1779,2783
7,1498,276,1466,2628
8,1491,261,1328,2607
9,1301,214,1048,2281
10,1463,240,1463,2502
11,1436,219,1042,2399
12,1435,212,1186,2376
13,1403,188,1154,2293
14,1375,178,1065,2238
15,1396,169,1275,2201
16,1364,171,966,2154
17,1363,146,920,2095
18,1181,124,875,1821
19,1345,139,805,2001
20,1306,136,875,1954
21,1308,121,832,1917
22,1266,111,799,1832
23,1292,112,984,1825
24,1252,105,707,1752
25,1257,98,663,1741
26,1073,80,659,1511
27,1247,93,599,1660
28,1204,89,663,1603
29,1197,79,610,1579
30,1176,73,598,1539
31,1170,80,558,1515
32,1173,68,542,1473
33,1135,71,765,1450
34,1028,54,490,1275
35,1109,61,476,1366
36,1123,59,489,1350
37,1103,61,473,1324
38,1099,54,468,1297
39,1062,49,434,1254
40,1075,57,422,1241
41,1058,51,405,1184
42,953,39,388,1079
43,1014,46,375,1148
44,1035,48,393,1133
45,1020,45,384,1086
46,1010,39,364,1090
47,982,39,361,1061
48,976,42,336,1048
49,984,39,333,998
50,965,40,306,989
51,852,29,303,880
52,937,39,294,962
53,955,36,320,921
54,924,36,293,905
55,914,33,292,913
56,886,30,285,878
57,903,37,273,861
58,896,33,266,834
59,800,27,252,747
60,845,29,504,816
61,869,35,270,793
62,860,31,6,772
63,853,27,240,760
64,815,29,499,752
65,818,32,242,743
66,838,29,229,697
67,735,24,214,638
68,767,30,215,684
69,712,24,32,625
70,788,32,211,690
71,800,28,234,651
72,775,27,216,651
73,780,29,229,647
74,734,25,218,626
75,764,31,221,618
76,752,27,211,591
77,671,22,204,543
78,711,24,185,586
79,731,32,211,568
80,726,26,196,547
81,713,22,192,549
82,683,27,188,552
83,693,29,205,529
84,698,26,189,502
85,626,21,181,461
86,660,26,159,507
87,659,29,192,497
88,676,25,180,464
89,662,23,169,477
90,643,26,176,475
91,621,25,171,453
92,637,29,176,454
93,586,21,170,385
94,620,25,141,438
95,600,24,160,423
96,607,29,167,427
97,625,25,163,391
98,595,21,148,405
99,582,26,150,403
100,580,29,163,393
101,543,23,155,329
102,566,21,129,377
103,560,25,137,372
104,557,29,158,372
105,569,24,150,337
106,559,23,137,363
107,545,23,138,343
108,525,27,143,340
109,531,28,146,332
110,492,18,136,295
111,521,25,115,324
112,504,24,135,312
113,511,28,136,316
114,522,24,135,293
115,507,21,121,307
116,485,24,126,287
117,486,29,134,302
118,458,23,128,248
119,479,20,106,282
120,474,25,118,276
121,466,29,132,281
122,477,23,125,260
123,477,24,112,264
124,454,23,115,255
125,443,27,117,265
126,455,28,123,250
127,412,18,116,217
128,443,23,93,241
129,422,27,114,247
130,434,28,118,235
131,433,23,113,228
132,434,22,102,226
133,400,24,105,232
134,423,29,112,219
135,381,22,111,192
136,411,21,87,210
137,389,24,101,221
138,403,30,109,207
139,402,23,108,198
140,398,22,95,197
141,390,22,96,202
142,364,28,102,202
143,352,22,104,164
144,390,24,85,189
145,372,23,92,188
146,352,27,99,194
147,377,28,102,178
148,367,21,95,174
149,364,24,86,173
150,337,24,92,182
151,328,27,95,151
152,352,23,84,165
153,346,21,85,161
154,326,24,87,172
155,345,29,92,159
156,341,24,92,155
157,332,21,78,149
158,330,24,84,161
159,283,27,88,144
160,326,23,84,146
161,326,24,78,144
162,317,23,81,147
163,297,27,83,153
164,323,28,88,137
165,306,21,80,134
166,280,20,75,123
167,302,24,71,121
168,256,23,76,128
169,310,28,77,132
170,296,24,69,128
171,296,21,69,130
172,274,24,78,134
173,300,29,74,128
174,285,24,64,118
175,251,19,63,107
176,272,24,79,129
177,286,30,77,124
178,272,23,64,113
179,274,24,60,114
180,276,23,66,116
181,249,27,70,118
182,274,27,63,114
183,256,22,57,102
184,242,20,61,98
185,244,27,73,114
186,261,28,66,108
187,250,21,61,100
188,249,23,60,103
189,237,24,68,105
190,250,29,64,107
191,241,24,55,89
192,219,19,55,89
193,228,24,70,103
194,240,29,68,100
195,233,24,55,88
196,235,22,53,90
197,232,24,62,97
198,212,28,64,95
199,207,22,51,78
200,234,24,58,88
201,218,23,60,90
202,209,27,65,93
203,221,28,55,85
204,222,22,52,82
205,208,23,53,82
206,200,24,59,87
207,191,27,55,77
208,218,24,53,76
209,198,21,51,77
210,194,24,61,85
211,208,29,60,81
212,194,23,46,72
213,210,24,46,76
214,161,20,53,72
215,199,29,60,77
216,188,23,49,72
217,204,24,48,71
218,180,23,52,74
219,179,27,58,77
220,184,28,47,72
221,194,22,43,68
222,160,21,45,61
223,171,25,57,72
224,180,28,53,70
225,187,24,44,65
226,170,21,44,61
227,166,24,53,72
228,179,29,53,69
229,169,24,44,60
230,158,19,40,53
231,162,25,53,70
232,170,29,52,67
233,160,23,43,58
234,176,24,40,59
235,151,23,46,60
236,158,27,49,68
237,155,28,40,57
238,154,18,37,46
239,150,24,49,59
240,149,25,50,63
241,150,28,45,59
242,163,24,39,53
243,150,21,42,51
244,143,24,47,59
245,130,28,45,56
246,157,24,41,50
247,144,20,41,50
248,140,25,48,57
249,144,29,47,57
250,137,23,39,50
251,150,24,37,51
252,134,23,42,50
253,122,26,44,52
254,137,24,40,49
255,142,23,41,47
256,129,23,43,51
257,131,26,44,55
258,131,28,42,51
259,137,24,36,45
260,131,21,37,45
261,109,23,42,48
262,129,28,45,50
263,134,24,37,44
264,123,20,37,43
265,118,24,44,50
266,128,30,43,49
267,121,23,36,44
268,128,24,32,43
269,104,20,38,43
270,119,29,43,48
271,118,24,37,42
272,124,23,35,41
273,112,23,38,45
274,113,27,42,47
275,114,28,38,46
276,118,23,30,39
277,104,21,33,38
278,103,24,41,44
279,112,28,42,46
280,114,24,31,38
281,106,21,34,38
282,104,24,40,44
283,113,30,41,45
284,103,23,31,38
285,96,19,31,33
286,106,25,40,44
287,105,29,40,43
288,101,23,33,38
289,107,24,30,37
290,100,23,34,39
291,93,27,39,44
292,103,28,31,41
293,93,18,26,28
294,101,25,36,40
295,87,25,38,41
296,99,28,38,41
297,102,24,28,34
298,93,21,31,35
299,89,24,36,39
300,97,29,39,41
301,90,23,28,31
302,87,20,31,33
303,89,25,37,39
304,92,29,40,41
305,89,23,29,33
306,94,24,28,34
307,86,23,31,35
308,81,27,38,41
309,84,23,29,30
310,92,23,32,32
311,84,23,34,36
312,78,26,37,39
313,89,28,33,37
314,89,24,28,32
315,81,21,28,31
316,68,23,34,34
317,83,21,1,28
318,77,27,36,36
319,87,24,31,31
320,77,20,29,29
321,76,24,34,35
322,85,30,39,39
323,79,23,31,31
324,83,24,31,31
325,75,23,32,32
326,69,26,35,35
327,77,24,32,32
328,82,23,29,29
329,71,23,32,32
330,73,27,37,37
331,76,28,34,34
332,77,23,30,30
333,71,22,29,29
334,63,23,33,32
335,75,28,35,34
336,76,24,29,29
337,70,21,28,28
338,69,24,33,33
339,73,29,36,37
340,68,23,28,28
341,70,22,28,27
342,62,22,31,30
343,69,29,36,36
344,66,23,29,28
345,74,24,29,28
346,65,23,31,31
347,64,27,35,35
348,70,28,33,33
349,69,21,26,25
350,57,20,26,25
351,64,27,35,34
352,65,28,33,33
353,69,23,28,27
354,62,22,28,27
355,58,24,32,31
356,67,29,35,35
357,62,24,27,27
358,58,19,24,23
359,58,24,31,30
360,65,30,36,35
361,59,23,27,26
362,66,24,27,27
363,57,23,30,29
364,58,27,33,32
365,62,27,33,32
366,57,19,21,21
367,55,23,30,28
368,55,27,33,32
369,62,28,32,32
370,60,22,26,25
371,57,23,27,26
372,53,24,30,29
373,59,29,34,34
374,57,24,27,26
375,52,19,23,22
376,51,24,30,29
377,59,29,34,34
378,53,24,27,26
379,57,22,26,25
380,53,24,30,28
381,54,28,33,32
382,55,26,30,30
383,51,19,20,20
384,51,23,28,27
385,51,27,32,31
386,56,27,31,30
387,53,22,24,24
388,50,23,27,26
389,52,25,30,29
390,55,29,34,33
391,47,21,23,22
392,48,22,25,25
393,49,24,29,28
394,53,29,34,33
395,51,24,26,24
396,50,21,24,24
397,48,24,29,27
398,50,29,33,32
399,45,22,23,22
400,50,22,25,25
401,47,24,28,27
402,47,28,32,31
403,51,27,30,29
404,50,22,24,23
405,44,23,26,26
406,47,25,29,28
407,46,27,30,29
408,49,22,24,23
409,44,23,26,26
410,44,24,28,27
411,49,29,33,32
412,49,24,25,24
413,43,20,23,23
414,44,25,29,28
415,45,27,31,29
416,45,24,25,24
417,44,22,25,24
418,43,24,28,26
419,45,28,31,30
420,47,27,29,29
421,45,22,23,22
422,37,20,23,22
423,42,27,30,29
424,48,28,30,30
425,44,22,23,22
426,41,23,26,25
427,41,24,27,26
428,45,29,32,31
429,44,24,24,24
430,36,19,22,21
431,40,24,27,26
432,47,29,32,31
433,41,24,24,24
434,41,22,25,24
435,41,24,27,26
436,42,28,31,30
437,42,26,29,29
438,37,19,20,19
439,38,23,26,25
440,41,27,30,29
441,43,28,30,30
442,40,21,22,21
443,38,24,27,26
444,38,24,27,26
445,43,29,32,31
446,37,21,21,21
447,37,22,24,23
448,37,24,26,25
449,43,29,31,30
450,39,24,24,24
451,37,21,23,22
452,38,24,27,26
453,39,28,30,29
454,35,22,23,23
455,40,24,25,24
456,36,23,25,24
457,37,27,29,28
458,41,27,29,28
459,38,22,22,22
460,35,23,25,24
461,37,25,27,26
462,37,27,29,28
463,37,22,22,22
464,36,23,25,24
465,34,24,26,25
466,40,29,31,30
467,38,24,24,24
468,34,20,22,21
469,36,25,27,26
470,35,27,29,28
471,36,24,24,24
472,36,22,24,23
473,36,24,26,25
474,35,28,30,29
475,38,27,29,28
476,35,22,22,22
477,35,23,25,24
478,30,24,26,25
479,39,28,30,29
480,34,21,22,22
481,35,23,25,24
482,31,24,26,25
483,38,29,31,30
484,35,24,24,24
485,31,19,21,20
486,31,24,26,25
487,39,29,31,30
488,33,24,24,24
489,34,22,24,23
490,33,24,25,25
491,35,28,29,29
492,35,26,28,28
493,30,19,19,19
494,33,27,3,28
495,29,20,21,21
496,34,27,28,28
497,37,28,29,29
498,31,21,21,21
499,32,23,24,24
500,33,25,26,26
501,36,29,30,30
502,30,21,21,21
503,32,22,23,23
504,31,24,25,25
505,36,29,30,30
506,33,24,24,24
507,31,21,22,22
508,31,24,26,26
509,34,28,29,29
510,29,22,22,22
511,34,24,24,24
512,30,23,24,24
513,33,27,28,28
514,34,27,28,28
515,32,22,22,22
516,30,23,24,23
517,31,25,26,25
518,32,27,28,27
519,31,22,23,23
520,30,22,23,22
521,29,24,25,24
522,34,29,30,29
523,33,24,24,24
524,30,21,22,21
525,29,24,25,24
526,31,27,28,27
527,31,24,24,24
528,30,22,23,22
529,30,24,25,24
530,32,28,29,28
531,33,27,28,27
532,30,22,22,22
533,30,23,24,23
534,27,24,25,24
535,34,28,29,28
536,29,21,21,21
537,30,24,25,24
538,29,24,25,24
539,32,29,30,29
540,31,24,24,24
541,27,20,21,20
542,29,24,25,24
543,30,28,29,28
544,31,24,24,24
545,28,21,22,21
546,30,24,25,24
547,32,29,30,29
548,30,25,26,25
549,31,24,24,24
550,29,23,24,23
551,27,24,25,24
552,31,27,28,27
553,28,22,22,22
554,28,23,24,23
555,29,25,26,25
556,32,29,30,29
557,29,23,24,24
558,25,20,21,20
559,26,23,24,23
560,32,29,30,29
561,30,24,24,24
562,26,20,21,20
563,29,25,26,25
564,33,29,30,29
565,29,25,26,25
566,30,24,24,24
567,24,19,20,19

